id,player,age,team,total_games,games_started,minutes_played,points_per_game
1,Álex Abrines,24,OKC,75,8,15.1,4.7
2,Quincy Acy,27,BRK,70,8,19.4,5.9
3,Steven Adams,24,OKC,76,76,32.7,13.9
4,Bam Adebayo,20,MIA,69,19,19.8,6.9
5,Arron Afflalo,32,ORL,53,3,12.9,3.4
6,Cole Aldrich,29,MIN,21,0,2.3,0.6
7,LaMarcus Aldridge,32,SAS,75,75,33.5,23.1
8,Jarrett Allen,19,BRK,72,31,20,8.2
9,Kadeem Allen,25,BOS,18,1,5.9,1.1
10,Tony Allen,36,NOP,22,0,12.4,4.7
11,Al-Farouq Aminu,27,POR,69,67,30,9.3
12,Justin Anderson,24,PHI,38,0,13.7,6.2
13,Kyle Anderson,24,SAS,74,67,26.7,7.9
14,Ryan Anderson,29,HOU,66,50,26.1,9.3
15,Ike Anigbogu,19,IND,11,0,2.7,1.2
16,Giannis Antetokounmpo,23,MIL,75,75,36.7,26.9
17,Carmelo Anthony,33,OKC,78,78,32.1,16.2
18,OG Anunoby,20,TOR,74,62,20,5.9
19,Ryan Arcidiacono,23,CHI,24,0,12.7,2
20,Trevor Ariza,32,HOU,67,67,33.9,11.7
21,Darrell Arthur,29,DEN,19,1,7.4,2.8
22,Jamel Artis,25,ORL,15,1,18.6,5.1
23,Ömer Aşık,31,TOT,18,0,10.1,1.2
24,Ömer Aşık,31,NOP,14,0,8.6,1.3
25,Ömer Aşık,31,CHI,4,0,15.3,1
26,D.J. Augustin,30,ORL,75,36,23.5,10.2
27,Luke Babbitt,28,TOT,50,14,14.3,5.2
28,Luke Babbitt,28,ATL,37,9,15.4,6.1
29,Luke Babbitt,28,MIA,13,5,11.2,2.5
30,Dwayne Bacon,22,CHO,53,6,13.5,3.3
31,Ron Baker,24,NYK,29,1,13.3,2.4
32,Wade Baldwin,21,POR,7,0,11.4,5.4
33,Lonzo Ball,20,LAL,52,50,34.2,10.2
34,J.J. Barea,33,DAL,69,10,23.2,11.6
35,Harrison Barnes,25,DAL,77,77,34.2,18.9
36,Will Barton,27,DEN,81,40,33.1,15.7
37,Nicolas Batum,29,CHO,64,64,31,11.6
38,Jerryd Bayless,29,PHI,39,11,23.7,7.9
39,Aron Baynes,31,BOS,81,67,18.3,6
40,Kent Bazemore,28,ATL,65,65,27.5,12.9
41,Bradley Beal,24,WAS,82,82,36.3,22.6
42,Malik Beasley,21,DEN,62,0,9.4,3.2
43,Michael Beasley,29,NYK,74,30,22.3,13.2
44,Marco Belinelli,31,TOT,80,2,24.3,12.1
45,Marco Belinelli,31,ATL,52,1,23.3,11.4
46,Marco Belinelli,31,PHI,28,1,26.3,13.6
47,Jordan Bell,23,GSW,57,13,14.2,4.6
48,DeAndre' Bembry,23,ATL,26,3,17.5,5.2
49,Dragan Bender,20,PHO,82,37,25.2,6.5
50,Dāvis Bertāns,25,SAS,77,10,14.1,5.9
51,Patrick Beverley,29,LAC,11,11,30.4,12.2
52,Khem Birch,25,ORL,42,0,13.8,4.2
53,Jabari Bird,23,BOS,13,1,8.8,3
54,Bismack Biyombo,25,ORL,82,25,18.2,5.7
55,Nemanja Bjelica,29,MIN,67,21,20.5,6.8
56,Tarik Black,26,HOU,51,2,10.5,3.5
57,Antonio Blakeney,21,CHI,19,0,16.5,7.9
58,Eric Bledsoe,28,TOT,74,74,31.4,17.7
59,Eric Bledsoe,28,PHO,3,3,27.7,15.7
60,Eric Bledsoe,28,MIL,71,71,31.5,17.8
61,Vander Blue,25,LAL,5,0,9,0.6
62,Bogdan Bogdanović,25,SAC,78,53,27.9,11.8
63,Bojan Bogdanović,28,IND,80,80,30.8,14.3
64,Andrew Bogut,33,LAL,24,5,9,1.5
65,Joel Bolomboy,24,MIL,6,0,6.3,1.5
66,Devin Booker,21,PHO,54,54,34.5,24.9
67,Trevor Booker,30,TOT,68,7,17,6.3
68,Trevor Booker,30,BRK,18,6,21.9,10.1
69,Trevor Booker,30,PHI,33,0,15,4.7
70,Trevor Booker,30,IND,17,1,15.8,5.4
71,Chris Boucher,25,GSW,1,0,1,0
72,Avery Bradley,27,TOT,46,46,31.2,14.3
73,Avery Bradley,27,DET,40,40,31.7,15
74,Avery Bradley,27,LAC,6,6,27.5,9.2
75,Tony Bradley,20,UTA,9,0,3.2,0.9
76,Corey Brewer,31,TOT,72,18,16.8,5.3
77,Corey Brewer,31,LAL,54,2,12.9,3.7
78,Corey Brewer,31,OKC,18,16,28.6,10.1
79,Malcolm Brogdon,25,MIL,48,20,29.9,13
80,Aaron Brooks,33,MIN,32,1,5.9,2.3
81,Dillon Brooks,22,MEM,82,74,28.7,11
82,MarShon Brooks,29,MEM,7,1,27.6,20.1
83,Anthony Brown,25,MIN,1,0,4,3
84,Bobby Brown,33,HOU,20,0,5.8,2.5
85,Jaylen Brown,21,BOS,70,70,30.7,14.5
86,Lorenzo Brown,27,TOR,14,0,9.9,2.3
87,Markel Brown,26,HOU,4,0,7.8,1.3
88,Sterling Brown,22,MIL,54,4,14.4,4
89,Nicolás Brussino,24,ATL,4,0,2.5,0
90,Thomas Bryant,20,LAL,15,0,4.8,1.5
91,Reggie Bullock,26,DET,62,52,27.9,11.3
92,Trey Burke,25,NYK,36,9,21.8,12.8
93,Alec Burks,26,UTA,64,1,16.5,7.7
94,Jimmy Butler,28,MIN,59,59,36.7,22.2
95,Dwight Buycks,28,DET,29,0,14.7,7.4
96,Bruno Caboclo,22,TOT,12,0,8.9,2.2
97,Bruno Caboclo,22,TOR,2,0,3.5,0
98,Bruno Caboclo,22,SAC,10,0,10,2.6
99,José Calderón,36,CLE,57,32,16,4.5
100,Kentavious Caldwell-Pope,24,LAL,74,74,33.2,13.4
101,Isaiah Canaan,26,TOT,20,1,21.1,8.6
102,Isaiah Canaan,26,HOU,1,0,4,0
103,Isaiah Canaan,26,PHO,19,1,22,9.1
104,Clint Capela,23,HOU,74,74,27.5,13.9
105,DeMarre Carroll,31,BRK,73,73,29.9,13.5
106,Vince Carter,41,SAC,58,5,17.7,5.4
107,Michael Carter-Williams,26,CHO,52,2,16.1,4.6
108,Alex Caruso,23,LAL,37,7,15.2,3.6
109,Omri Casspi,29,GSW,53,7,14,5.7
110,Willie Cauley-Stein,24,SAC,73,58,28,12.8
111,Tyler Cavanaugh,23,ATL,39,1,13.3,4.7
112,Mario Chalmers,31,MEM,66,10,21.5,7.7
113,Tyson Chandler,35,PHO,46,46,25,6.5
114,Wilson Chandler,30,DEN,74,71,31.7,10
115,Marquese Chriss,20,PHO,72,49,21.2,7.7
116,Ian Clark,26,NOP,74,2,19.7,7.4
117,Jordan Clarkson,25,TOT,81,2,23.3,13.9
118,Jordan Clarkson,25,LAL,53,2,23.7,14.5
119,Jordan Clarkson,25,CLE,28,0,22.6,12.6
120,Gian Clavell,24,DAL,7,0,9.1,2.9
121,Antonius Cleveland,23,TOT,17,0,7.2,1.4
122,Antonius Cleveland,23,DAL,13,0,6.2,0.8
123,Antonius Cleveland,23,ATL,4,0,10.5,3.3
124,John Collins,20,ATL,74,26,24.1,10.5
125,Zach Collins,20,POR,66,1,15.8,4.4
126,Kyle Collinsworth,26,DAL,32,2,15,3.2
127,Darren Collison,30,IND,69,64,29.2,12.4
128,Nick Collison,37,OKC,15,0,5,2.1
129,Mike Conley,30,MEM,12,12,31.1,17.1
130,Pat Connaughton,25,POR,82,5,18.1,5.4
131,Quinn Cook,24,GSW,33,18,22.4,9.5
132,Charles Cooke,23,NOP,13,0,2.9,0.5
133,Jack Cooley,26,SAC,7,0,12.4,5.7
134,Matt Costello,24,SAS,4,0,8,1
135,DeMarcus Cousins,27,NOP,48,48,36.2,25.2
136,Robert Covington,27,PHI,80,80,31.7,12.6
137,Allen Crabbe,25,BRK,75,68,29.3,13.2
138,Torrey Craig,27,DEN,39,5,16.1,4.2
139,Jamal Crawford,37,MIN,80,0,20.7,10.3
140,Jordan Crawford,29,NOP,5,0,10.6,6.6
141,Jae Crowder,27,TOT,80,47,26.1,9.7
142,Jae Crowder,27,CLE,53,47,25.4,8.6
143,Jae Crowder,27,UTA,27,0,27.6,11.8
144,Dante Cunningham,30,TOT,73,25,21.4,5.7
145,Dante Cunningham,30,NOP,51,24,21.9,5
146,Dante Cunningham,30,BRK,22,1,20.3,7.5
147,Stephen Curry,29,GSW,51,51,32,26.4
148,Troy Daniels,26,PHO,79,15,20.5,8.9
149,Anthony Davis,24,NOP,75,75,36.4,28.1
150,Deyonta Davis,21,MEM,62,6,15.2,5.8
151,Ed Davis,28,POR,78,0,18.9,5.3
152,Dewayne Dedmon,28,ATL,62,46,24.9,10
153,Sam Dekker,23,LAC,73,1,12.1,4.2
154,Malcolm Delaney,28,ATL,54,3,18.8,6.3
155,Matthew Dellavedova,27,MIL,38,3,18.7,4.3
156,Luol Deng,32,LAL,1,1,13,2
157,DeMar DeRozan,28,TOR,80,80,33.9,23
158,Cheick Diallo,21,NOP,52,0,11.2,4.9
159,Gorgui Dieng,28,MIN,79,0,16.9,5.9
160,Spencer Dinwiddie,24,BRK,80,58,28.8,12.6
161,Tyler Dorsey,21,ATL,56,5,17.4,7.2
162,Damyean Dotson,23,NYK,44,2,10.8,4.1
163,Milton Doyle,24,BRK,10,0,12.5,3.4
164,PJ Dozier,21,OKC,2,0,1.5,1
165,Goran Dragić,31,MIA,75,75,31.7,17.3
166,Larry Drew II,27,TOT,10,0,7,1.7
167,Larry Drew II,27,PHI,3,0,5,0.7
168,Larry Drew II,27,NOP,7,0,7.9,2.1
169,Andre Drummond,24,DET,78,78,33.7,15
170,Jared Dudley,32,PHO,48,0,14.3,3.2
171,Kris Dunn,23,CHI,52,43,29.3,13.4
172,Kevin Durant,29,GSW,68,68,34.2,26.4
173,Jarell Eddie,26,TOT,3,0,3,0
174,Jarell Eddie,26,BOS,2,0,3,0
175,Jarell Eddie,26,CHI,1,0,3,0
176,Henry Ellenson,21,DET,38,0,8.7,4
177,Wayne Ellington,30,MIA,77,2,26.5,11.2
178,Joel Embiid,23,PHI,63,63,30.3,22.9
179,James Ennis,27,TOT,72,22,22.3,7.1
180,James Ennis,27,MEM,45,14,23.4,6.9
181,James Ennis,27,DET,27,8,20.4,7.5
182,Tyler Ennis,23,LAL,54,11,12.6,4.1
183,Jawun Evans,21,LAC,48,4,16.2,4.8
184,Jeremy Evans,30,ATL,1,0,5,2
185,Tyreke Evans,28,MEM,52,32,30.9,19.4
186,Dante Exum,22,UTA,14,0,16.8,8.1
187,Kenneth Faried,28,DEN,32,7,14.4,5.9
188,Derrick Favors,26,UTA,77,77,28,12.3
189,Kay Felder,22,TOT,16,0,8.8,3.6
190,Kay Felder,22,CHI,14,0,9.6,3.9
191,Kay Felder,22,DET,2,0,3,1
192,Cristiano Felício,25,CHI,55,16,17.8,5.6
193,Raymond Felton,33,OKC,82,2,16.6,6.9
194,Terrance Ferguson,19,OKC,61,12,12.5,3.1
195,Yogi Ferrell,24,DAL,82,21,27.8,10.2
196,Dorian Finney-Smith,24,DAL,21,13,21.3,5.9
197,Bryn Forbes,24,SAS,80,12,19,6.9
198,Evan Fournier,25,ORL,57,57,32.2,17.8
199,De'Aaron Fox,20,SAC,73,60,27.8,11.6
200,Tim Frazier,27,WAS,59,11,14.2,3
201,Channing Frye,34,TOT,53,1,13.1,5
202,Channing Frye,34,CLE,44,1,12.4,4.8
203,Channing Frye,34,LAL,9,0,16.7,5.8
204,Markelle Fultz,19,PHI,14,0,18.1,7.1
205,Danilo Gallinari,29,LAC,21,21,32,15.3
206,Langston Galloway,26,DET,58,2,14.9,6.2
207,Marc Gasol,33,MEM,73,73,33,17.2
208,Pau Gasol,37,SAS,77,63,23.5,10.1
209,Rudy Gay,31,SAS,57,6,21.6,11.5
210,Paul George,27,OKC,79,79,36.6,21.9
211,Marcus Georges-Hunt,23,MIN,42,0,5.3,1.4
212,Jonathan Gibson,30,BOS,4,0,10,8.5
213,Taj Gibson,32,MIN,82,82,33.2,12.2
214,Manu Ginóbili,40,SAS,65,0,20,8.9
215,Rudy Gobert,25,UTA,56,56,32.4,13.5
216,Aaron Gordon,22,ORL,58,57,32.9,17.6
217,Eric Gordon,29,HOU,69,30,31.2,18
218,Marcin Gortat,33,WAS,82,82,25.3,8.4
219,Treveon Graham,24,CHO,63,2,16.7,4.3
220,Jerami Grant,23,OKC,81,1,20.3,8.4
221,Jerian Grant,25,CHI,74,26,22.8,8.4
222,Josh Gray,24,PHO,5,0,17.2,6.4
223,Danny Green,30,SAS,70,60,25.6,8.6
224,Draymond Green,27,GSW,70,70,32.7,11
225,Gerald Green,32,HOU,41,2,22.7,12.1
226,JaMychal Green,27,MEM,55,54,28,10.3
227,Jeff Green,31,CLE,78,13,23.4,10.8
228,Blake Griffin,28,TOT,58,58,34,21.4
229,Blake Griffin,28,LAC,33,33,34.5,22.6
230,Blake Griffin,28,DET,25,25,33.2,19.8
231,Daniel Hamilton,22,OKC,6,0,4.7,2
232,Tim Hardaway Jr.,25,NYK,57,54,33.1,17.5
233,James Harden,28,HOU,72,72,35.4,30.4
234,Maurice Harkless,24,POR,59,36,21.4,6.5
235,Montrezl Harrell,24,LAC,76,3,17,11
236,Devin Harris,34,TOT,71,1,18.9,8.4
237,Devin Harris,34,DAL,44,1,18.3,8.5
238,Devin Harris,34,DEN,27,0,19.7,8.2
239,Gary Harris,23,DEN,67,65,34.4,17.5
240,Joe Harris,26,BRK,78,14,25.3,10.8
241,Tobias Harris,25,TOT,80,80,33.4,18.6
242,Tobias Harris,25,DET,48,48,32.6,18.1
243,Tobias Harris,25,LAC,32,32,34.5,19.3
244,Aaron Harrison,23,DAL,9,3,25.9,6.7
245,Andrew Harrison,23,MEM,56,46,23.7,9.5
246,Shaquille Harrison,24,PHO,23,2,16.7,6.6
247,Josh Hart,22,LAL,63,23,23.2,7.9
248,Udonis Haslem,37,MIA,14,0,5.1,0.6
249,Nigel Hayes,23,TOT,9,0,13.6,3
250,Nigel Hayes,23,LAL,2,0,5.5,1.5
251,Nigel Hayes,23,TOR,2,0,3,3
252,Nigel Hayes,23,SAC,5,0,21,3.6
253,Gordon Hayward,27,BOS,1,1,5,2
254,Reggie Hearn,26,DET,3,0,2.3,1
255,Myke Henry,25,MEM,20,0,18.9,5.4
256,John Henson,27,MIL,76,69,25.9,8.8
257,Juan Hernangómez,22,DEN,25,3,11.1,3.3
258,Willy Hernangómez,23,TOT,48,1,10.3,5.1
259,Willy Hernangómez,23,NYK,26,0,9,4.3
260,Willy Hernangómez,23,CHO,22,1,11.9,6.1
261,Mario Hezonja,22,ORL,75,30,22.1,9.6
262,Isaiah Hicks,23,NYK,18,0,13.3,4.4
263,Buddy Hield,25,SAC,80,12,25.3,13.5
264,Nenê,35,HOU,52,4,14.6,6.5
265,George Hill,31,TOT,67,60,27,10
266,George Hill,31,SAC,43,36,26.6,10.3
267,George Hill,31,CLE,24,24,27.9,9.4
268,Solomon Hill,26,NOP,12,1,15.6,2.4
269,Darrun Hilliard,24,SAS,14,0,6.8,1.1
270,Jrue Holiday,27,NOP,81,81,36.1,19
271,Justin Holiday,28,CHI,72,72,31.5,12.2
272,John Holland,29,CLE,24,0,7.3,2.3
273,Rondae Hollis-Jefferson,23,BRK,68,59,28.2,13.9
274,Richaun Holmes,24,PHI,48,2,15.5,6.5
275,Rodney Hood,25,TOT,60,23,26.9,14.7
276,Rodney Hood,25,UTA,39,12,27.8,16.8
277,Rodney Hood,25,CLE,21,11,25.3,10.8
278,Scotty Hopson,28,DAL,1,0,8,1
279,Al Horford,31,BOS,72,72,31.6,12.9
280,Danuel House,24,PHO,23,3,17.5,6.6
281,Dwight Howard,32,CHO,81,81,30.4,16.6
282,Josh Huestis,26,OKC,69,10,14.2,2.3
283,R.J. Hunter,24,HOU,5,1,9,3.8
284,Vince Hunter,23,MEM,4,0,1.8,1.5
285,Serge Ibaka,28,TOR,76,76,27.5,12.6
286,Andre Iguodala,34,GSW,64,7,25.3,6
287,Ersan İlyasova,30,TOT,69,43,25.1,10.9
288,Ersan İlyasova,30,ATL,46,40,25.5,10.9
289,Ersan İlyasova,30,PHI,23,3,24.1,10.8
290,Joe Ingles,30,UTA,82,81,31.4,11.5
291,Andre Ingram,32,LAL,2,0,32,12
292,Brandon Ingram,20,LAL,59,59,33.5,16.1
293,Kyrie Irving,25,BOS,60,60,32.2,24.4
294,Jonathan Isaac,20,ORL,27,10,19.9,5.4
295,Wesley Iwundu,23,ORL,62,12,16.5,3.7
296,Jarrett Jack,34,NYK,62,56,25,7.5
297,Aaron Jackson,31,HOU,1,0,35,8
298,Demetrius Jackson,23,TOT,15,0,5.3,1.1
299,Demetrius Jackson,23,HOU,12,0,5.3,0.7
300,Demetrius Jackson,23,PHI,3,0,5.7,2.7
301,Josh Jackson,20,PHO,77,35,25.4,13.1
302,Justin Jackson,22,SAC,68,41,22.1,6.7
303,Reggie Jackson,27,DET,45,45,26.7,14.6
304,LeBron James,33,CLE,82,82,36.9,27.5
305,Mike James,27,TOT,36,10,19.1,9.3
306,Mike James,27,PHO,32,10,20.9,10.4
307,Mike James,27,NOP,4,0,4.5,1
308,Al Jefferson,33,IND,36,1,13.4,7
309,Richard Jefferson,37,DEN,20,0,8.2,1.5
310,Brandon Jennings,28,MIL,14,0,14.6,5.2
311,Jonas Jerebko,30,UTA,74,19,15.3,5.8
312,Amir Johnson,30,PHI,74,18,15.8,4.6
313,Brice Johnson,23,TOT,18,0,5.4,2.4
314,Brice Johnson,23,LAC,9,0,4.2,1.8
315,Brice Johnson,23,MEM,9,0,6.7,3
316,Dakari Johnson,22,OKC,31,6,5.2,1.8
317,James Johnson,30,MIA,73,41,26.6,10.8
318,Joe Johnson,36,TOT,55,4,21.9,6.8
319,Joe Johnson,36,UTA,32,3,21.9,7.3
320,Joe Johnson,36,HOU,23,1,22,6
321,Omari Johnson,28,MEM,4,0,18.8,5.5
322,Stanley Johnson,21,DET,69,50,27.4,8.7
323,Tyler Johnson,25,MIA,72,39,28.5,11.7
324,Wesley Johnson,30,LAC,74,40,20.1,5.4
325,Nikola Jokić,22,DEN,75,73,32.6,18.5
326,Damian Jones,22,GSW,15,0,5.9,1.7
327,Derrick Jones Jr.,20,TOT,20,8,12.3,3.1
328,Derrick Jones Jr.,20,PHO,6,0,5.5,1.5
329,Derrick Jones Jr.,20,MIA,14,8,15.1,3.7
330,Jalen Jones,24,TOT,16,0,11.3,4.6
331,Jalen Jones,24,NOP,4,0,4.8,1.3
332,Jalen Jones,24,DAL,12,0,13.5,5.8
333,Tyus Jones,21,MIN,82,11,17.9,5.1
334,DeAndre Jordan,29,LAC,77,77,31.5,12
335,Cory Joseph,26,IND,82,17,27,7.9
336,Frank Kaminsky,24,CHO,79,4,23.2,11.1
337,Enes Kanter,25,NYK,71,71,25.8,14.1
338,Luke Kennard,21,DET,73,9,20,7.6
339,Michael Kidd-Gilchrist,24,CHO,74,74,25,9.2
340,Sean Kilpatrick,28,TOT,52,1,12.3,6.3
341,Sean Kilpatrick,28,BRK,16,0,11.4,4.9
342,Sean Kilpatrick,28,MIL,23,0,8.9,4
343,Sean Kilpatrick,28,LAC,4,0,9.5,4.8
344,Sean Kilpatrick,28,CHI,9,1,23.8,15.4
345,Maxi Kleber,26,DAL,72,36,16.8,5.4
346,Furkan Korkmaz,20,PHI,14,0,5.7,1.6
347,Luke Kornet,22,NYK,20,1,16.3,6.7
348,Kyle Korver,36,CLE,73,4,21.6,9.2
349,Kosta Koufos,28,SAC,71,13,19.6,6.7
350,Kyle Kuzma,22,LAL,77,37,31.2,16.1
351,Mindaugas Kuzminskas,28,NYK,1,0,2,0
352,Skal Labissière,21,SAC,60,28,20.7,8.7
353,Jeremy Lamb,25,CHO,80,18,24.6,12.9
354,Shane Larkin,25,BOS,54,2,14.4,4.3
355,Joffrey Lauvergne,26,SAS,55,1,9.7,4.1
356,Zach LaVine,22,CHI,24,24,27.3,16.7
357,Jake Layman,23,POR,35,1,4.6,1
358,T.J. Leaf,20,IND,53,0,8.7,2.9
359,Courtney Lee,32,NYK,76,69,30.4,12
360,Damion Lee,25,ATL,15,11,26.9,10.7
361,Walt Lemon Jr.,25,NOP,5,0,7,3.4
362,Alex Len,24,PHO,69,13,20.2,8.5
363,Kawhi Leonard,26,SAS,9,9,23.3,16.2
364,Meyers Leonard,25,POR,33,2,7.7,3.4
365,Jon Leuer,28,DET,8,0,17,5.4
366,Caris LeVert,23,BRK,71,10,26.3,12.1
367,DeAndre Liggins,29,TOT,58,4,12.5,1.7
368,DeAndre Liggins,29,MIL,31,1,15.5,1.8
369,DeAndre Liggins,29,NOP,27,3,9,1.6
370,Damian Lillard,27,POR,73,73,36.6,26.9
371,Jeremy Lin,29,BRK,1,1,25,18
372,Shaun Livingston,32,GSW,71,7,15.9,5.5
373,Kevon Looney,21,GSW,66,4,13.8,4
374,Brook Lopez,29,LAL,74,72,23.4,13
375,Robin Lopez,29,CHI,64,64,26.4,11.8
376,Kevin Love,29,CLE,59,59,28,17.6
377,Kyle Lowry,31,TOR,78,78,32.2,16.2
378,Timothé Luwawu-Cabarrot,22,PHI,52,7,15.5,5.8
379,Tyler Lydon,21,DEN,1,0,2,0
380,Trey Lyles,22,DEN,73,2,19.1,9.9
381,Shelvin Mack,27,ORL,69,3,19.8,6.9
382,Josh Magette,28,ATL,18,0,12,2.6
383,Ian Mahinmi,31,WAS,77,0,14.9,4.8
384,Thon Maker,20,MIL,74,12,16.7,4.8
385,Boban Marjanović,29,TOT,39,1,8.6,6
386,Boban Marjanović,29,DET,19,1,9,6.2
387,Boban Marjanović,29,LAC,20,0,8.3,5.9
388,Lauri Markkanen,20,CHI,68,68,29.7,15.2
389,Jarell Martin,23,MEM,73,36,22.8,7.7
390,Frank Mason III,23,SAC,52,2,18.9,7.9
391,Mangok Mathiang,25,CHO,4,0,5,2
392,Wesley Matthews,31,DAL,63,62,33.8,12.7
393,Luc Mbah a Moute,31,HOU,61,15,25.6,7.5
394,James Michael McAdoo,25,PHI,3,0,6,2.7
395,Patrick McCaw,22,GSW,57,10,16.9,4
396,CJ McCollum,26,POR,81,81,36.1,21.4
397,T.J. McConnell,25,PHI,76,1,22.4,6.3
398,Erik McCree,24,UTA,4,0,2,0
399,Chris McCullough,22,WAS,19,0,4.7,2.4
400,Doug McDermott,26,TOT,81,4,21.8,7.8
401,Doug McDermott,26,NYK,55,1,21.3,7.2
402,Doug McDermott,26,DAL,26,3,22.9,9
403,JaVale McGee,30,GSW,65,17,9.5,4.8
404,Rodney McGruder,26,MIA,18,2,16.6,5.1
405,Trey McKinney-Jones,27,IND,1,0,1,0
406,Alfonzo McKinnie,25,TOR,14,0,3.8,1.5
407,Ben McLemore,24,MEM,56,17,19.5,7.5
408,Josh McRoberts,30,DAL,2,0,3,0
409,Jodie Meeks,30,WAS,77,0,14.5,6.3
410,Salah Mejri,31,DAL,61,1,12,3.5
411,Jordan Mickey,23,MIA,23,3,12.3,4
412,Khris Middleton,26,MIL,82,82,36.4,20.1
413,C.J. Miles,30,TOR,70,3,19.1,10
414,Darius Miller,27,NOP,82,3,23.7,7.8
415,Malcolm Miller,24,TOR,15,4,8.4,2.5
416,Patty Mills,29,SAS,82,36,25.7,10
417,Paul Millsap,32,DEN,38,37,30.1,14.6
418,Nikola Mirotić,26,TOT,55,14,27.2,15.6
419,Nikola Mirotić,26,CHI,25,3,24.9,16.8
420,Nikola Mirotić,26,NOP,30,11,29.1,14.6
421,Donovan Mitchell,21,UTA,79,71,33.4,20.5
422,Naz Mitrou-Long,24,UTA,1,0,1,3
423,Malik Monk,19,CHO,63,0,13.6,6.7
424,Greg Monroe,27,TOT,51,14,20.4,10.3
425,Greg Monroe,27,MIL,5,0,15.8,6.8
426,Greg Monroe,27,PHO,20,14,23.3,11.3
427,Greg Monroe,27,BOS,26,0,19.1,10.2
428,Luis Montero,24,DET,2,0,4,0
429,Ben Moore,22,IND,2,0,4.5,0
430,E'Twaun Moore,28,NOP,82,80,31.5,12.5
431,Eric Moreland,26,DET,67,3,12,2.1
432,Jaylen Morris,22,ATL,6,0,16.3,4.7
433,Marcus Morris,28,BOS,54,21,26.8,13.6
434,Markieff Morris,28,WAS,73,73,27,11.5
435,Monte Morris,22,DEN,3,0,8.3,3.3
436,Johnathan Motley,22,DAL,11,4,16,8.7
437,Timofey Mozgov,31,BRK,31,13,11.6,4.2
438,Emmanuel Mudiay,21,TOT,64,14,19.5,8.6
439,Emmanuel Mudiay,21,DEN,42,0,17.9,8.5
440,Emmanuel Mudiay,21,NYK,22,14,22.4,8.8
441,Shabazz Muhammad,25,TOT,43,2,9.7,5
442,Shabazz Muhammad,25,MIN,32,2,9.4,3.8
443,Shabazz Muhammad,25,MIL,11,0,10.6,8.5
444,Xavier Munford,25,MIL,6,0,3.5,0.5
445,Dejounte Murray,21,SAS,81,48,21.5,8.1
446,Jamal Murray,20,DEN,81,80,31.7,16.7
447,Mike Muscala,26,ATL,53,7,20,7.6
448,Abdel Nader,24,BOS,48,1,10.9,3
449,Larry Nance Jr.,25,TOT,66,27,21.5,8.7
450,Larry Nance Jr.,25,LAL,42,17,22,8.6
451,Larry Nance Jr.,25,CLE,24,10,20.8,8.9
452,Shabazz Napier,26,POR,74,10,20.7,8.7
453,Jameer Nelson,35,TOT,50,0,20.3,4.9
454,Jameer Nelson,35,NOP,43,0,20.9,5.1
455,Jameer Nelson,35,DET,7,0,16.6,3.7
456,Raul Neto,25,UTA,41,0,12.1,4.5
457,Georges Niang,24,UTA,9,0,3.6,1
458,Joakim Noah,32,NYK,7,0,5.7,1.7
459,Nerlens Noel,23,DAL,30,6,15.7,4.4
460,Lucas Nogueira,25,TOR,49,3,8.5,2.5
461,Dirk Nowitzki,39,DAL,77,77,24.7,12
462,Frank Ntilikina,19,NYK,78,9,21.9,5.9
463,Jusuf Nurkić,23,POR,79,79,26.4,14.3
464,David Nwaba,25,CHI,70,21,23.5,7.9
465,Johnny O'Bryant,24,CHO,36,0,10.5,4.8
466,Royce O'Neale,24,UTA,69,4,16.7,5
467,Kyle O'Quinn,27,NYK,77,10,18,7.1
468,Semi Ojeleye,23,BOS,73,0,15.8,2.7
469,Emeka Okafor,35,NOP,26,19,13.6,4.4
470,Jahlil Okafor,22,TOT,28,0,12.6,6.3
471,Jahlil Okafor,22,PHI,2,0,12.5,5
472,Jahlil Okafor,22,BRK,26,0,12.6,6.4
473,Victor Oladipo,25,IND,75,75,34,23.1
474,Kelly Olynyk,26,MIA,76,22,23.4,11.5
475,Chinanu Onuaku,21,HOU,1,0,22,4
476,Cedi Osman,22,CLE,61,12,11,3.9
477,Kelly Oubre Jr.,22,WAS,81,11,27.5,11.8
478,Zaza Pachulia,33,GSW,69,57,14.1,5.4
479,Marcus Paige,24,CHO,5,0,5.6,2.4
480,Georgios Papagiannis,20,TOT,17,0,7.2,2.1
481,Georgios Papagiannis,20,SAC,16,0,7.4,2.1
482,Georgios Papagiannis,20,POR,1,0,4,2
483,Jabari Parker,22,MIL,31,3,24,12.6
484,Tony Parker,35,SAS,55,21,19.5,7.7
485,Chandler Parsons,29,MEM,36,8,19.2,7.9
486,Patrick Patterson,28,OKC,82,3,15.5,3.9
487,Justin Patton,20,MIN,1,0,4,2
488,Brandon Paul,26,SAS,64,2,9,2.3
489,Chris Paul,32,HOU,58,58,31.8,18.6
490,Adreian Payne,26,ORL,5,0,8.6,4.2
491,Cameron Payne,23,CHI,25,14,23.3,8.8
492,Elfrid Payton,23,TOT,63,63,28.7,12.7
493,Elfrid Payton,23,ORL,44,44,28.6,13
494,Elfrid Payton,23,PHO,19,19,29,11.8
495,Gary Payton II,25,TOT,23,6,9.6,3
496,Gary Payton II,25,MIL,12,6,8.8,2.5
497,Gary Payton II,25,LAL,11,0,10.5,3.5
498,Kendrick Perkins,33,CLE,1,0,15,3
499,London Perrantes,23,CLE,14,0,4.7,0.5
500,Alec Peters,22,PHO,20,0,11.3,4.1
501,Marshall Plumlee,25,MIL,8,0,6.5,1.8
502,Mason Plumlee,27,DEN,74,26,19.4,7.1
503,Miles Plumlee,29,ATL,55,35,16.7,4.3
504,Jakob Poeltl,22,TOR,82,0,18.6,6.9
505,Quincy Pondexter,29,CHI,23,1,8.5,2
506,Otto Porter,24,WAS,77,77,31.6,14.7
507,Bobby Portis,22,CHI,73,4,22.5,13.2
508,Kristaps Porziņģis,22,NYK,48,48,32.4,22.7
509,Dwight Powell,26,DAL,79,25,21.2,8.5
510,Norman Powell,24,TOR,70,18,15.2,5.5
511,Alex Poythress,24,IND,25,0,4.2,1
512,Jacob Pullen,28,PHI,3,0,2,0.7
513,Rodney Purvis,23,ORL,16,2,18.1,6
514,Zhou Qi,22,HOU,18,0,6.9,1.2
515,Tim Quarterman,23,HOU,3,0,4.3,1.3
516,Ivan Rabb,20,MEM,36,5,14.3,5.6
517,Julius Randle,23,LAL,82,49,26.7,16.1
518,Zach Randolph,36,SAC,59,57,25.6,14.5
519,Xavier Rathan-Mayes,23,MEM,5,0,23.6,5.8
520,J.J. Redick,33,PHI,70,70,30.2,17.1
521,Davon Reed,22,PHO,21,1,11.5,3
522,Willie Reed,27,TOT,42,5,10.2,4.6
523,Willie Reed,27,LAC,39,5,10.7,4.9
524,Willie Reed,27,DET,3,0,3,0.7
525,Josh Richardson,24,MIA,81,81,33.2,12.9
526,Malachi Richardson,22,TOT,26,4,12.5,3.4
527,Malachi Richardson,22,SAC,25,4,12.8,3.5
528,Malachi Richardson,22,TOR,1,0,5,2
529,Austin Rivers,25,LAC,61,59,33.7,15.1
530,Andre Roberson,26,OKC,39,39,26.6,5
531,Devin Robinson,22,WAS,1,0,13,2
532,Glenn Robinson III,24,IND,23,1,14.7,4.1
533,Rajon Rondo,31,NOP,65,63,26.2,8.3
534,Derrick Rose,29,TOT,25,7,16.8,8.4
535,Derrick Rose,29,CLE,16,7,19.3,9.8
536,Derrick Rose,29,MIN,9,0,12.4,5.8
537,Terrence Ross,26,ORL,24,20,25,8.7
538,Terry Rozier,23,BOS,80,16,25.9,11.3
539,Ricky Rubio,27,UTA,77,77,29.3,13.1
540,D'Angelo Russell,21,BRK,48,35,25.7,15.5
541,Domantas Sabonis,21,IND,74,19,24.5,11.6
542,JaKarr Sampson,24,SAC,22,6,15.6,4.7
543,Dario Šarić,23,PHI,78,73,29.6,14.6
544,Tomáš Satoranský,26,WAS,73,30,22.5,7.2
545,Dennis Schröder,24,ATL,67,67,31,19.4
546,Mike Scott,29,WAS,76,1,18.5,8.8
547,Thabo Sefolosha,33,UTA,38,6,21.2,8.2
548,Wayne Selden,23,MEM,35,9,19.8,9.3
549,Ramon Sessions,31,TOT,28,3,14,4.9
550,Ramon Sessions,31,NYK,13,3,12.8,3.7
551,Ramon Sessions,31,WAS,15,0,15,5.9
552,Iman Shumpert,27,CLE,14,6,19.7,4.4
553,Pascal Siakam,23,TOR,81,5,20.7,7.3
554,Xavier Silas,30,BOS,2,0,3.5,0
555,Ben Simmons,21,PHI,81,81,33.7,15.8
556,Jonathon Simmons,28,ORL,69,50,29.4,13.9
557,Kobi Simmons,20,MEM,32,12,20.1,6.1
558,Kyle Singler,29,OKC,12,0,4.9,1.9
559,Marcus Smart,23,BOS,54,11,29.9,10.2
560,Dennis Smith Jr.,20,DAL,69,69,29.7,15.2
561,Ish Smith,29,DET,82,35,24.9,10.9
562,J.R. Smith,32,CLE,80,61,28.1,8.3
563,Jason Smith,31,WAS,33,2,8.6,3.4
564,Josh Smith,32,NOP,3,0,4,0.7
565,Tony Snell,26,MIL,75,59,27.4,6.9
566,Marreese Speights,30,ORL,52,3,13,7.7
567,Nik Stauskas,24,TOT,41,0,12.8,4.4
568,Nik Stauskas,24,PHI,6,0,7.5,0.7
569,Nik Stauskas,24,BRK,35,0,13.7,5.1
570,Lance Stephenson,27,IND,82,7,22.6,9.2
571,David Stockton,26,UTA,3,0,3,3.3
572,Julyan Stone,29,CHO,23,0,7.6,0.8
573,Edmond Sumner,22,IND,1,0,2,2
574,Caleb Swanigan,20,POR,27,3,7,2.3
575,Jayson Tatum,19,BOS,80,80,30.5,13.9
576,Isaiah Taylor,23,ATL,67,9,17.4,6.6
577,Jeff Teague,29,MIN,70,70,33,14.2
578,Marquis Teague,24,MEM,3,0,24.7,3.7
579,Mirza Teletović,32,MIL,10,0,15.9,7.1
580,Garrett Temple,31,SAC,65,35,24.8,8.4
581,Miloš Teodosić,30,LAC,45,36,25.2,9.5
582,Jason Terry,40,MIL,51,4,16,3.3
583,Daniel Theis,25,BOS,63,3,14.9,5.3
584,Isaiah Thomas,28,TOT,32,15,26.9,15.2
585,Isaiah Thomas,28,CLE,15,14,27.1,14.7
586,Isaiah Thomas,28,LAL,17,1,26.8,15.6
587,Lance Thomas,29,NYK,73,31,18.5,4.1
588,Klay Thompson,27,GSW,73,73,34.3,20
589,Tristan Thompson,26,CLE,53,22,20.2,5.8
590,Sindarius Thornwell,23,LAC,73,17,15.8,3.9
591,Anthony Tolliver,32,DET,79,14,22.2,8.9
592,Karl-Anthony Towns,22,MIN,82,82,35.6,21.3
593,P.J. Tucker,32,HOU,82,34,27.8,6.1
594,Evan Turner,29,POR,79,40,25.7,8.2
595,Myles Turner,21,IND,65,62,28.2,12.7
596,Ekpe Udoh,30,UTA,63,3,12.9,2.6
597,Tyler Ulis,22,PHO,71,43,23.4,7.8
598,Jonas Valančiūnas,25,TOR,77,77,22.4,12.7
599,Denzel Valentine,24,CHI,77,37,27.2,10.2
600,Fred VanVleet,23,TOR,76,0,20,8.6
601,Rashad Vaughn,21,TOT,28,0,7.6,2.3
602,Rashad Vaughn,21,MIL,22,0,7.9,2.7
603,Rashad Vaughn,21,BRK,1,0,4,0
604,Rashad Vaughn,21,ORL,5,0,7,1
605,Noah Vonleh,22,TOT,54,16,16.2,4.9
606,Noah Vonleh,22,POR,33,12,14.4,3.6
607,Noah Vonleh,22,CHI,21,4,19,6.9
608,Nikola Vučević,27,ORL,57,57,29.5,16.5
609,Dwyane Wade,36,TOT,67,3,22.9,11.4
610,Dwyane Wade,36,CLE,46,3,23.2,11.2
611,Dwyane Wade,36,MIA,21,0,22.2,12
612,Dion Waiters,26,MIA,30,30,30.6,14.3
613,Kemba Walker,27,CHO,80,80,34.2,22.1
614,John Wall,27,WAS,41,41,34.4,19.4
615,Tyrone Wallace,23,LAC,30,19,28.4,9.7
616,Taurean Prince,23,ATL,82,82,30,14.1
617,Derrick Walton,22,MIA,16,0,9.2,1.8
618,Jameel Warney,24,DAL,3,0,9,5.7
619,T.J. Warren,24,PHO,65,65,33,19.6
620,Travis Wear,27,LAL,17,0,13.4,4.4
621,James Webb III,24,BRK,10,0,12,1.6
622,Briante Weber,25,TOT,18,0,13.2,2.8
623,Briante Weber,25,HOU,13,0,9.1,2
624,Briante Weber,25,MEM,5,0,23.8,4.8
625,David West,37,GSW,73,0,13.7,6.8
626,Russell Westbrook,29,OKC,80,80,36.4,25.4
627,Andrew White,24,ATL,15,0,13.9,4.6
628,Derrick White,23,SAS,17,0,8.2,3.2
629,Okaro White,25,MIA,6,4,13.3,3.3
630,Isaiah Whitehead,22,BRK,16,0,11.3,6.3
631,Hassan Whiteside,28,MIA,54,54,25.3,14
632,Andrew Wiggins,22,MIN,82,82,36.3,17.7
633,Jacob Wiley,23,BRK,5,0,6.6,0.8
634,Damien Wilkins,38,IND,19,1,8,1.7
635,Alan Williams,25,PHO,5,0,14,4
636,C.J. Williams,27,LAC,38,17,18.6,5.5
637,Derrick Williams,26,LAL,2,0,4.5,1
638,Lou Williams,31,LAC,79,19,32.8,22.6
639,Marvin Williams,31,CHO,78,78,25.7,9.5
640,Matt Williams,24,MIA,3,0,3.7,1.7
641,Troy Williams,23,TOT,21,1,14.6,6.3
642,Troy Williams,23,HOU,4,0,4.3,1.3
643,Troy Williams,23,NYK,17,1,17.1,7.5
644,D.J. Wilson,21,MIL,22,0,3.2,1
645,Jamil Wilson,27,LAC,15,10,18.3,7
646,Justise Winslow,21,MIA,68,25,24.7,7.8
647,Jeff Withey,27,DAL,9,0,4.3,1.7
648,Nate Wolters,26,UTA,5,0,3.8,0.4
649,Brandan Wright,30,TOT,28,1,13.6,5
650,Brandan Wright,30,MEM,27,1,13.6,5
651,Brandan Wright,30,HOU,1,0,15,4
652,Delon Wright,25,TOR,69,4,20.8,8
653,Guerschon Yabusele,22,BOS,33,4,7.1,2.4
654,James Young,22,PHI,6,0,10.2,2.8
655,Joe Young,25,IND,53,1,10.5,3.9
656,Nick Young,32,GSW,80,8,17.4,7.3
657,Thaddeus Young,29,IND,81,81,32.2,11.8
658,Cody Zeller,25,CHO,33,0,19,7.1
659,Tyler Zeller,28,TOT,66,34,16.8,6.7
660,Tyler Zeller,28,BRK,42,33,16.7,7.1
661,Tyler Zeller,28,MIL,24,1,16.9,5.9
662,Paul Zipser,23,CHI,54,12,15.3,4
663,Ante Žižić,21,CLE,32,2,6.7,3.7
664,Ivica Zubac,20,LAL,43,0,9.5,3.7
